ananabàsia a_na_na_bà_si_a --> a_na_na_bà_si_a an_a_na_bà_si_a
hidrognòsia hi_dro_gnò_si_a --> hi_drog_nò_si_a hi_drog_nò_si_a
hipericàcies hi_pe_ri_cà_ci_es --> hi_pe_ri_cà_ci_es hi_per_i_cà_ci_es
hiperonímia hi_pe_ro_ní_mi_a --> hi_pe_ro_ní_mi_a hi_per_o_ní_mi_a
hiòlit hi_ò_lit --> hiò_lit hiò_lit
huasteca hu_as_te_ca --> huas_te_ca huas_te_ca
husseiní hus_se_i_ní --> hus_sei_ní hus_sei_ní
io-io io_io --> io_i_o io_i_o
iuan iu_an --> iuan iuan
kinderscoutià kin_der_scou_ti_à --> kin_ders_cou_ti_à kin_ders_cou_ti_à
klebshormidials kleb_shor_mi_di_als --> klebs_hor_mi_di_als klebs_hor_mi_di_als
loel·lingita loel_lin_gi_ta --> lo_el_lin_gi_ta lo_el_lin_gi_ta
malavejar mal_a_ve_jar --> ma_la_ve_jar ma_la_ve_jar
malespàrrec mal_es_pàr_rec --> ma_les_pàr_rec ma_les_pàr_rec
maloclusió mal_o_clu_si_ó --> ma_lo_clu_si_ó ma_lo_clu_si_ó
meitneri me_it_ne_ri --> meit_ne_ri meit_ne_ri
mesclantaigües mes_clant_ai_gües --> mes_clan_tai_gües mes_clan_tai_gües
montagutenc mont_a_gu_tenc --> mon_ta_gu_tenc mon_ta_gu_tenc
montesquiuenc mont_es_qui_uenc --> mon_tes_quiuenc mon_tes_quiuenc
montoliuenc mont_o_li_uenc --> mon_to_li_uenc mon_to_li_uenc
montoriolí mont_o_ri_o_lí --> mon_to_ri_o_lí mon_to_ri_o_lí
montroier mont_ro_ier --> mon_tro_ier mon_tro_ier
montroià mont_ro_ià --> mon_tro_ià mon_tro_ià
nahua na_hua --> na_hu_a na_hu_a
ngai ngai --> n_gai n_gai
nicotinamida-adenina-dinucleòtid-fosfat ni_co_ti_na_mi_da_a_de_ni_na_di_nu_cle_ò_tid_fos_fat --> ni_co_ti_na_mi_da_a_de_ni_na_di_nu_cle_ò_tid__fos_fat ni_co_ti_na_mi_da_a_de_ni_na_di_nu_cle_ò_tid__fos_fat
nord-oest nord_o_est --> nord_o_est nord_oest
oint oint --> o_int o_int
oioi oi_oi --> o_ioi o_ioi
oscoumbre os_co_um_bre --> os_coum_bre os_coum_bre
poinciana po_in_ci_a_na --> poin_ci_a_na poin_ci_a_na
postesquí post_es_quí --> pos_tes_quí pos_tes_quí
pseudotsuga pseu_do_tsu_ga --> pseu_dot_su_ga pseu_dot_su_ga
reinesenc rei_ne_senc --> rei_ne_senc re_i_ne_senc
serpukhovià ser_puk_ho_vi_à --> ser_pu_kho_vi_à ser_pu_kho_vi_à
stokes stokes --> sto_kes sto_kes
suberització sub_e_rit_za_ci_ó --> su_be_rit_za_ci_ó su_be_rit_za_ci_ó
sulfonftaleïna sul_fon_fta_le_ï_na --> sul_fonf_ta_le_ï_na sul_fonf_ta_le_ï_na
talloil tall_oil --> ta_lloil ta_lloil
tetraiodofenolftaleïna te_tra_io_do_fe_nolf_ta_le_ï_na --> te_tra_io_do_fe_nolf_ta_le_ï_na te_tra_io_do_fe_nol_fta_le_ï_na
triquiúrids tri_qui_ú_rids --> tri_quiú_rids tri_quiú_rids
ukiyo-e u_ki_yo_e --> u_kiyo_e u_kiyo_e
vall-de-rourà vall_de_rou_rà --> vall_de__rou_rà vall_de__rou_rà
welwítsquia wel_wíts_qui_a --> welwíts_qui_a welwíts_qui_a
xiitake xi_i_ta_ke --> xii_ta_ke xii_ta_ke
zain za_in --> zain zain
